{
	"format_version": 2,
	"atlas_name": "verdana_atlas.json",
	"characters": {
		" ": {
			"advance": 0.2376760542392730712890625,
			"glyph_offset": 0,
			"glyph_width": 0.2376760542392730712890625,
			"atlas_key": " ",
			"kerning_table": {
			}
		},
		"!": {
			"advance": 0.2660651504993438720703125,
			"glyph_offset": 0,
			"glyph_width": 0.2660651504993438720703125,
			"atlas_key": "!",
			"kerning_table": {
			}
		},
		"\"": {
			"advance": 0.3102993071079254150390625,
			"glyph_offset": 0,
			"glyph_width": 0.3102993071079254150390625,
			"atlas_key": "\"",
			"kerning_table": {
			}
		},
		"#": {
			"advance": 0.553257048130035400390625,
			"glyph_offset": 0,
			"glyph_width": 0.553257048130035400390625,
			"atlas_key": "#",
			"kerning_table": {
			}
		},
		"$": {
			"advance": 0.42979753017425537109375,
			"glyph_offset": 0,
			"glyph_width": 0.42979753017425537109375,
			"atlas_key": "$",
			"kerning_table": {
			}
		},
		"%": {
			"advance": 0.727552831172943115234375,
			"glyph_offset": 0,
			"glyph_width": 0.727552831172943115234375,
			"atlas_key": "%",
			"kerning_table": {
			}
		},
		"&": {
			"advance": 0.491197168827056884765625,
			"glyph_offset": 0,
			"glyph_width": 0.491197168827056884765625,
			"atlas_key": "&",
			"kerning_table": {
			}
		},
		"'": {
			"advance": 0.1815581023693084716796875,
			"glyph_offset": 0,
			"glyph_width": 0.1815581023693084716796875,
			"atlas_key": "'",
			"kerning_table": {
			}
		},
		"(": {
			"advance": 0.30699825286865234375,
			"glyph_offset": 0,
			"glyph_width": 0.30699825286865234375,
			"atlas_key": "(",
			"kerning_table": {
			}
		},
		")": {
			"advance": 0.30699825286865234375,
			"glyph_offset": 0,
			"glyph_width": 0.30699825286865234375,
			"atlas_key": ")",
			"kerning_table": {
			}
		},
		"*": {
			"advance": 0.42979753017425537109375,
			"glyph_offset": 0,
			"glyph_width": 0.42979753017425537109375,
			"atlas_key": "*",
			"kerning_table": {
			}
		},
		"+": {
			"advance": 0.553257048130035400390625,
			"glyph_offset": 0,
			"glyph_width": 0.553257048130035400390625,
			"atlas_key": "+",
			"kerning_table": {
			}
		},
		",": {
			"advance": 0.24592868983745574951171875,
			"glyph_offset": 0,
			"glyph_width": 0.24592868983745574951171875,
			"atlas_key": ",",
			"kerning_table": {
			}
		},
		"-": {
			"advance": 0.30699825286865234375,
			"glyph_offset": 0,
			"glyph_width": 0.30699825286865234375,
			"atlas_key": "-",
			"kerning_table": {
			}
		},
		".": {
			"advance": 0.24592868983745574951171875,
			"glyph_offset": 0,
			"glyph_width": 0.24592868983745574951171875,
			"atlas_key": ".",
			"kerning_table": {
			}
		},
		"/": {
			"advance": 0.30699825286865234375,
			"glyph_offset": 0,
			"glyph_width": 0.30699825286865234375,
			"atlas_key": "/",
			"kerning_table": {
			}
		},
		"0": {
			"advance": 0.42979753017425537109375,
			"glyph_offset": 0,
			"glyph_width": 0.42979753017425537109375,
			"atlas_key": "0",
			"kerning_table": {
			}
		},
		"1": {
			"advance": 0.42979753017425537109375,
			"glyph_offset": 0,
			"glyph_width": 0.42979753017425537109375,
			"atlas_key": "1",
			"kerning_table": {
			}
		},
		"2": {
			"advance": 0.42979753017425537109375,
			"glyph_offset": 0,
			"glyph_width": 0.42979753017425537109375,
			"atlas_key": "2",
			"kerning_table": {
			}
		},
		"3": {
			"advance": 0.42979753017425537109375,
			"glyph_offset": 0,
			"glyph_width": 0.42979753017425537109375,
			"atlas_key": "3",
			"kerning_table": {
			}
		},
		"4": {
			"advance": 0.42979753017425537109375,
			"glyph_offset": 0,
			"glyph_width": 0.42979753017425537109375,
			"atlas_key": "4",
			"kerning_table": {
			}
		},
		"5": {
			"advance": 0.42979753017425537109375,
			"glyph_offset": 0,
			"glyph_width": 0.42979753017425537109375,
			"atlas_key": "5",
			"kerning_table": {
			}
		},
		"6": {
			"advance": 0.42979753017425537109375,
			"glyph_offset": 0,
			"glyph_width": 0.42979753017425537109375,
			"atlas_key": "6",
			"kerning_table": {
			}
		},
		"7": {
			"advance": 0.42979753017425537109375,
			"glyph_offset": 0,
			"glyph_width": 0.42979753017425537109375,
			"atlas_key": "7",
			"kerning_table": {
			}
		},
		"8": {
			"advance": 0.42979753017425537109375,
			"glyph_offset": 0,
			"glyph_width": 0.42979753017425537109375,
			"atlas_key": "8",
			"kerning_table": {
			}
		},
		"9": {
			"advance": 0.42979753017425537109375,
			"glyph_offset": 0,
			"glyph_width": 0.42979753017425537109375,
			"atlas_key": "9",
			"kerning_table": {
			}
		},
		":": {
			"advance": 0.30699825286865234375,
			"glyph_offset": 0,
			"glyph_width": 0.30699825286865234375,
			"atlas_key": ":",
			"kerning_table": {
			}
		},
		";": {
			"advance": 0.30699825286865234375,
			"glyph_offset": 0,
			"glyph_width": 0.30699825286865234375,
			"atlas_key": ";",
			"kerning_table": {
			}
		},
		"<": {
			"advance": 0.553257048130035400390625,
			"glyph_offset": 0,
			"glyph_width": 0.553257048130035400390625,
			"atlas_key": "<",
			"kerning_table": {
			}
		},
		"=": {
			"advance": 0.553257048130035400390625,
			"glyph_offset": 0,
			"glyph_width": 0.553257048130035400390625,
			"atlas_key": "=",
			"kerning_table": {
			}
		},
		">": {
			"advance": 0.553257048130035400390625,
			"glyph_offset": 0,
			"glyph_width": 0.553257048130035400390625,
			"atlas_key": ">",
			"kerning_table": {
			}
		},
		"?": {
			"advance": 0.368727982044219970703125,
			"glyph_offset": 0,
			"glyph_width": 0.368727982044219970703125,
			"atlas_key": "?",
			"kerning_table": {
			}
		},
		"@": {
			"advance": 0.676056325435638427734375,
			"glyph_offset": 0,
			"glyph_width": 0.676056325435638427734375,
			"atlas_key": "@",
			"kerning_table": {
			}
		},
		"A": {
			"advance": 0.462147891521453857421875,
			"glyph_offset": 0,
			"glyph_width": 0.462147891521453857421875,
			"atlas_key": "A",
			"kerning_table": {
			}
		},
		"B": {
			"advance": 0.4634683132171630859375,
			"glyph_offset": 0,
			"glyph_width": 0.4634683132171630859375,
			"atlas_key": "B",
			"kerning_table": {
			}
		},
		"C": {
			"advance": 0.4720510542392730712890625,
			"glyph_offset": 0,
			"glyph_width": 0.4720510542392730712890625,
			"atlas_key": "C",
			"kerning_table": {
			}
		},
		"D": {
			"advance": 0.5209066867828369140625,
			"glyph_offset": 0,
			"glyph_width": 0.5209066867828369140625,
			"atlas_key": "D",
			"kerning_table": {
			}
		},
		"E": {
			"advance": 0.4274868071079254150390625,
			"glyph_offset": 0,
			"glyph_width": 0.4274868071079254150390625,
			"atlas_key": "E",
			"kerning_table": {
			}
		},
		"F": {
			"advance": 0.3885343372821807861328125,
			"glyph_offset": 0,
			"glyph_width": 0.3885343372821807861328125,
			"atlas_key": "F",
			"kerning_table": {
			}
		},
		"G": {
			"advance": 0.524207770824432373046875,
			"glyph_offset": 0,
			"glyph_width": 0.524207770824432373046875,
			"atlas_key": "G",
			"kerning_table": {
			}
		},
		"H": {
			"advance": 0.5080325603485107421875,
			"glyph_offset": 0,
			"glyph_width": 0.5080325603485107421875,
			"atlas_key": "H",
			"kerning_table": {
			}
		},
		"I": {
			"advance": 0.2845510542392730712890625,
			"glyph_offset": 0,
			"glyph_width": 0.2845510542392730712890625,
			"atlas_key": "I",
			"kerning_table": {
			}
		},
		"J": {
			"advance": 0.30732834339141845703125,
			"glyph_offset": 0,
			"glyph_width": 0.30732834339141845703125,
			"atlas_key": "J",
			"kerning_table": {
			}
		},
		"K": {
			"advance": 0.4684198796749114990234375,
			"glyph_offset": 0,
			"glyph_width": 0.4684198796749114990234375,
			"atlas_key": "K",
			"kerning_table": {
			}
		},
		"L": {
			"advance": 0.376320421695709228515625,
			"glyph_offset": 0,
			"glyph_width": 0.376320421695709228515625,
			"atlas_key": "L",
			"kerning_table": {
			}
		},
		"M": {
			"advance": 0.56976234912872314453125,
			"glyph_offset": 0,
			"glyph_width": 0.56976234912872314453125,
			"atlas_key": "M",
			"kerning_table": {
			}
		},
		"N": {
			"advance": 0.5057218074798583984375,
			"glyph_offset": 0,